id,name
5nE8CAd519jLpwMX2YgFMK,BETSIE GØLD
1mcTU81TzQhprhouKaTkpq,Rauw Alejandro
1G89WXRVVAEjU4VIwgg6XD,Ventino
7vXDAI8JwjW531ouMGbfcp,TINI
0vR2qb8m9WHeZ5ByCbimq2,Reik
77ziqFxp5gaInVrF2lj4ht,Sech
0KBMnuWWdRmE0piCUybFxX,Carlos Carrera
00XhexlJEXQstHimpZN910,Brytiago
30xVFd5hiy33d6mrczbNzZ,Jafú
1vrahybrKylgwkjhbmOz94,Yera
5Rj6rNR8zIlUUDCs1OyPmW,MYA
28gNT5KBp7IjEOQoevXf9N,Camilo
5dbaLmK5SHLLg8Z4CcTJpX,Greeicy
6ZZ2DeepA3GpoGU4KwqSlU,Luciano Pereyra
5C4PDR4LnhZTbVnKWXuDKD,Morat
3MHaV05u0io8fQbZ2XPtlC,Prince Royce
72R3RMGmSmzG57R7OUaDaN,Toby Love
1T19oNolVnNcXU8pywjvhy,Martinez
3p7Bs02UWDt5ENoJeUGqaB,Porta
0Rrl4hJQjRAbGtiEwAqS5N,Alexandre Pires
66q4aUeE6L8715QQ2yD68G,Arevalo
103xS8KmldMIFzgcD7FzhP,AU-D
6HxyqkGDMKQmzp9OsI9e0Q,Dayanara
7A02nc5WKMBLqSKXxGZ4o8,Llane
1jrfEx1kZc8BNPLQDC7kVR,Amy Gutiérrez
4kcnsS1aAB40FMcLD01gmI,KURT
7dZHvdnkTQTXQIFQAQTd05,Benavides
4KbGwakpU0tXAk0r105oaS,Victória Torres
1mX1TWKpNxDSAH16LgDfiR,Jesse & Joy
4bw2Am3p9ji3mYsXNXtQcd,Piso 21
6HaGTQPmzraVmaVxvz6EUc,Jung Kook
6XpaIBNiVzIetEPCWDvAFP,Whitney Houston
6M2wZ9GZgrQXHCFfjv46we,Dua Lipa
